file_path,label
person1_001.jpg,1
person1_002.jpg,1
person1_003.jpg,1
person1_004.jpg,1
person1_005.jpg,1
person1_006.jpg,1
person1_007.jpg,1
person1_008.jpg,1
person1_009.jpg,1
person1_010.jpg,1
person1_011.jpg,1
person1_012.jpg,1
person1_013.jpg,1
person1_014.jpg,1
person1_015.jpg,1
person1_016.jpg,1
person1_017.jpg,1
person1_018.jpg,1
person1_019.jpg,1
person1_020.jpg,1
person1_021.jpg,1
person1_022.jpg,1
person1_023.jpg,1
person1_024.jpg,1
person1_025.jpg,1
person1_026.jpg,1
person1_027.jpg,1
person1_028.jpg,1
person1_029.jpg,1
person1_030.jpg,1
person1_031.jpg,1
person1_032.jpg,1
person1_033.jpg,1
person1_034.jpg,1
person1_035.jpg,1
person1_036.jpg,1
person1_037.jpg,1
person1_037.jpg,1
person1_038.jpg,1
person1_039.jpg,1
person1_040.jpg,1
person1_041.jpg,1
person1_042.jpg,1
person1_043.jpg,1
person1_044.jpg,1
person1_045.jpg,1
person1_046.jpg,1
person1_047.jpg,1
person1_048.jpg,1
person1_049.jpg,1
person1_050.jpg,1
person1_051.jpg,1
person1_052.jpg,1
person1_053.jpg,1
person1_054.jpg,1
person1_055.jpg,1
person1_056.jpg,1
person1_057.jpg,1
person1_058.jpg,1
person1_059.jpg,1
person1_060.jpg,1
person1_061.jpg,1
person1_062.jpg,1
person1_063.jpg,1
person1_064.jpg,1
person1_065.jpg,1
person1_066.jpg,1
person1_067.jpg,1
person1_068.jpg,1
person1_069.jpg,1
person1_070.jpg,1
person1_071.jpg,1
person1_072.jpg,1
person1_073.jpg,1
person1_074.jpg,1
person1_075.jpg,1
person1_076.jpg,1
person1_077.jpg,1
person1_078.jpg,1
person1_079.jpg,1
person1_080.jpg,1
person1_081.jpg,1
person1_082.jpg,1
person1_083.jpg,1
person1_084.jpg,1
person1_085.jpg,1
person1_086.jpg,1
person1_087.jpg,1
person1_088.jpg,1
person1_089.jpg,1
person1_090.jpg,1
person1_091.jpg,1
person1_092.jpg,1
person1_093.jpg,1
person1_094.jpg,1
person1_095.jpg,1
person1_096.jpg,1
person1_097.jpg,1
person1_098.jpg,1
person1_099.jpg,1
person1_100.jpg,1
person3_001.jpg,2
person3_002.jpg,2
person3_003.jpg,2
person3_004.jpg,2
person3_005.jpg,2
person3_006.jpg,2
person3_007.jpg,2
person3_008.jpg,2
person3_009.jpg,2
person3_010.jpg,2
person3_011.jpg,2
person3_012.jpg,2
person3_013.jpg,2
person3_014.jpg,2
person3_015.jpg,2
person3_016.jpg,2
person3_017.jpg,2
person3_018.jpg,2
person3_019.jpg,2
person3_020.jpg,2
person3_021.jpg,2
person3_022.jpg,2
person3_023.jpg,2
person3_024.jpg,2
person3_025.jpg,2
person3_026.jpg,2
person3_027.jpg,2
person3_028.jpg,2
person3_029.jpg,2
person3_030.jpg,2
person3_031.jpg,2
person3_032.jpg,2
person3_033.jpg,2
person3_034.jpg,2
person3_035.jpg,2
person3_036.jpg,2
person3_037.jpg,2
person3_037.jpg,2
person3_038.jpg,2
person3_039.jpg,2
person3_040.jpg,2
person3_041.jpg,2
person3_042.jpg,2
person3_043.jpg,2
person3_044.jpg,2
person3_045.jpg,2
person3_046.jpg,2
person3_047.jpg,2
person3_048.jpg,2
person3_049.jpg,2
person3_050.jpg,2
person3_051.jpg,2
person3_052.jpg,2
person3_053.jpg,2
person3_054.jpg,2
person3_055.jpg,2
person3_056.jpg,2
person3_057.jpg,2
person3_058.jpg,2
person3_059.jpg,2
person3_060.jpg,2
person3_061.jpg,2
person3_062.jpg,2
person3_063.jpg,2
person3_064.jpg,2
person3_065.jpg,2
person3_066.jpg,2
person3_067.jpg,2
person3_068.jpg,2
person3_069.jpg,2
person3_070.jpg,2
person3_071.jpg,2
person3_072.jpg,2
person3_073.jpg,2
person3_074.jpg,2
person3_075.jpg,2
person3_076.jpg,2
person3_077.jpg,2
person3_078.jpg,2
person3_079.jpg,2
person3_080.jpg,2
person3_081.jpg,2
person3_082.jpg,2
person3_083.jpg,2
person3_084.jpg,2
person3_085.jpg,2
person3_086.jpg,2
person3_087.jpg,2
person3_088.jpg,2
person3_089.jpg,2
person3_090.jpg,2
person3_091.jpg,2
person3_092.jpg,2
person3_093.jpg,2
person3_094.jpg,2
person3_095.jpg,2
person3_096.jpg,2
person3_097.jpg,2
person3_098.jpg,2
person3_099.jpg,2
person3_100.jpg,2
person4_001.jpg,3
person4_002.jpg,3
person4_003.jpg,3
person4_004.jpg,3
person4_005.jpg,3
person4_006.jpg,3
person4_007.jpg,3
person4_008.jpg,3
person4_009.jpg,3
person4_010.jpg,3
person4_011.jpg,3
person4_012.jpg,3
person4_013.jpg,3
person4_014.jpg,3
person4_015.jpg,3
person4_016.jpg,3
person4_017.jpg,3
person4_018.jpg,3
person4_019.jpg,3
person4_020.jpg,3
person4_021.jpg,3
person4_022.jpg,3
person4_023.jpg,3
person4_024.jpg,3
person4_025.jpg,3
person4_026.jpg,3
person4_027.jpg,3
person4_028.jpg,3
person4_029.jpg,3
person4_030.jpg,3
person4_031.jpg,3
person4_032.jpg,3
person4_033.jpg,3
person4_034.jpg,3
person4_035.jpg,3
person4_036.jpg,3
person4_037.jpg,3
person4_037.jpg,3
person4_038.jpg,3
person4_039.jpg,3
person4_040.jpg,3
person4_041.jpg,3
person4_042.jpg,3
person4_043.jpg,3
person4_044.jpg,3
person4_045.jpg,3
person4_046.jpg,3
person4_047.jpg,3
person4_048.jpg,3
person4_049.jpg,3
person4_050.jpg,3
person4_051.jpg,3
person4_052.jpg,3
person4_053.jpg,3
person4_054.jpg,3
person4_055.jpg,3
person4_056.jpg,3
person4_057.jpg,3
person4_058.jpg,3
person4_059.jpg,3
person4_060.jpg,3
person4_061.jpg,3
person4_062.jpg,3
person4_063.jpg,3
person4_064.jpg,3
person4_065.jpg,3
person4_066.jpg,3
person4_067.jpg,3
person4_068.jpg,3
person4_069.jpg,3
person4_070.jpg,3
person4_071.jpg,3
person4_072.jpg,3
person4_073.jpg,3
person4_074.jpg,3
person4_075.jpg,3
person4_076.jpg,3
person4_077.jpg,3
person4_078.jpg,3
person4_079.jpg,3
person4_080.jpg,3
person4_081.jpg,3
person4_082.jpg,3
person4_083.jpg,3
person4_084.jpg,3
person4_085.jpg,3
person4_086.jpg,3
person4_087.jpg,3
person4_088.jpg,3
person4_089.jpg,3
person4_090.jpg,3
person4_091.jpg,3
person4_092.jpg,3
person4_093.jpg,3
person4_094.jpg,3
person4_095.jpg,3
person4_096.jpg,3
person4_097.jpg,3
person4_098.jpg,3
person4_099.jpg,3
person4_100.jpg,3